{
    "Agent": {
        "total": 0.0009947759981514537
    },
    "Env": {
        "apply_act": 0.012385123001422471,
        "observation_computation": 0.009962841000287881,
        "powerflow_computation": 0.010299039000074117,
        "total": 0.03264700300178447
    },
    "total": 0.04234498899995742
}