{
    "Agent": {
        "total": 0.004771921001974988
    },
    "Env": {
        "apply_act": 0.06725792700035527,
        "observation_computation": 0.05227856599867664,
        "powerflow_computation": 0.056601510999371385,
        "total": 0.1761380039984033
    },
    "total": 0.22511289200019746
}