{
    "Agent": {
        "total": 0.005742487002862617
    },
    "Env": {
        "apply_act": 0.07688847799909126,
        "observation_computation": 0.06113468599914995,
        "powerflow_computation": 0.052754102999188035,
        "total": 0.19077726699742925
    },
    "total": 0.24795337700015807
}