{
    "Agent": {
        "total": 0.040662497007815546
    },
    "Env": {
        "apply_act": 0.5405862720022014,
        "observation_computation": 0.4397570609980903,
        "powerflow_computation": 0.3943680380002661,
        "total": 1.3747113710005578
    },
    "total": 1.7756034980002369
}