{
    "Agent": {
        "total": 0.01658989899988228
    },
    "Env": {
        "apply_act": 0.23072777099878294,
        "observation_computation": 0.18463281100048334,
        "powerflow_computation": 0.15087586199842917,
        "total": 0.5662364439976955
    },
    "total": 0.7337920390000363
}