{
    "Agent": {
        "total": 0.018181122992700693
    },
    "Env": {
        "apply_act": 0.24931763900349324,
        "observation_computation": 0.1966176309979346,
        "powerflow_computation": 0.163492062993555,
        "total": 0.6094273329949829
    },
    "total": 0.7932212209998397
}