{
    "Agent": {
        "total": 0.01251804000366974
    },
    "Env": {
        "apply_act": 0.1663283379944005,
        "observation_computation": 0.13536391100660694,
        "powerflow_computation": 0.11045646999991732,
        "total": 0.41214871900092476
    },
    "total": 0.5390721710000435
}