{
    "Agent": {
        "total": 0.001285775000724243
    },
    "Env": {
        "apply_act": 0.016212347999953636,
        "observation_computation": 0.012955029999375256,
        "powerflow_computation": 0.0144500810010868,
        "total": 0.04361745900041569
    },
    "total": 0.05598794199977419
}