{
    "Agent": {
        "total": 0.010404909004137153
    },
    "Env": {
        "apply_act": 0.1456759220004642,
        "observation_computation": 0.11537314499855711,
        "powerflow_computation": 0.0985225679969517,
        "total": 0.359571634995973
    },
    "total": 0.4673044139999547
}