{
    "Agent": {
        "total": 0.006409703003555478
    },
    "Env": {
        "apply_act": 0.0856406720031373,
        "observation_computation": 0.0692898209968007,
        "powerflow_computation": 0.05429544400249142,
        "total": 0.20922593700242942
    },
    "total": 0.2730769660001897
}