{
    "Agent": {
        "total": 0.010648905001289677
    },
    "Env": {
        "apply_act": 0.14111260700019557,
        "observation_computation": 0.1130798659996799,
        "powerflow_computation": 0.09751060900134689,
        "total": 0.35170308200122236
    },
    "total": 0.45443421600020883
}