{
    "Agent": {
        "total": 0.004572759000438964
    },
    "Env": {
        "apply_act": 0.06553371999825686,
        "observation_computation": 0.0500442830002612,
        "powerflow_computation": 0.054371318001358304,
        "total": 0.16994932099987636
    },
    "total": 0.21680091600001106
}