{
    "Agent": {
        "total": 0.03722795400017276
    },
    "Env": {
        "apply_act": 0.5026778599985846,
        "observation_computation": 0.4111795990124847,
        "powerflow_computation": 0.36595629000339613,
        "total": 1.2798137490144654
    },
    "total": 1.6568427639999754
}