{
    "Agent": {
        "total": 0.02883815799759759
    },
    "Env": {
        "apply_act": 0.3852092040010575,
        "observation_computation": 0.31023121300313505,
        "powerflow_computation": 0.2500195519974113,
        "total": 0.9454599690016039
    },
    "total": 1.2343472769998698
}