{
    "Agent": {
        "total": 0.008438673001364805
    },
    "Env": {
        "apply_act": 0.11320303399907061,
        "observation_computation": 0.09311991299773581,
        "powerflow_computation": 0.07562424099478449,
        "total": 0.2819471879915909
    },
    "total": 0.36835533900011797
}