{
    "Agent": {
        "total": 0.012633803004518995
    },
    "Env": {
        "apply_act": 0.17070474000593094,
        "observation_computation": 0.2130339869981981,
        "powerflow_computation": 0.112225026998658,
        "total": 0.495963754002787
    },
    "total": 0.6251546869998492
}