{
    "Agent": {
        "total": 0.002544412001498131
    },
    "Env": {
        "apply_act": 0.03567934400189188,
        "observation_computation": 0.028903961998366867,
        "powerflow_computation": 0.025687978999940242,
        "total": 0.09027128500019899
    },
    "total": 0.11649612900009743
}