{
    "Agent": {
        "total": 0.00630372600062401
    },
    "Env": {
        "apply_act": 0.08744472600074005,
        "observation_computation": 0.06936908200168546,
        "powerflow_computation": 0.06177533699883497,
        "total": 0.21858914500126048
    },
    "total": 0.28310840800031656
}