{
    "Agent": {
        "total": 0.006824136002705927
    },
    "Env": {
        "apply_act": 0.09064103800483281,
        "observation_computation": 0.07298566700546871,
        "powerflow_computation": 0.05712011500236258,
        "total": 0.2207468200126641
    },
    "total": 0.2880117680001604
}