{
    "Agent": {
        "total": 0.042406734000906
    },
    "Env": {
        "apply_act": 0.57309997199809,
        "observation_computation": 0.46782461099337525,
        "powerflow_computation": 0.49752616799332827,
        "total": 1.5384507509847936
    },
    "total": 1.9594753270002911
}