{
    "Agent": {
        "total": 0.020953048001047136
    },
    "Env": {
        "apply_act": 0.29727056199635626,
        "observation_computation": 0.22823431199640254,
        "powerflow_computation": 0.22705190100214168,
        "total": 0.7525567749949005
    },
    "total": 0.9601254369999879
}