{
    "Agent": {
        "total": 0.005610273000002053
    },
    "Env": {
        "apply_act": 0.07278325000152108,
        "observation_computation": 0.060831687000700185,
        "powerflow_computation": 0.05031063599744812,
        "total": 0.18392557299966938
    },
    "total": 0.23925537300010546
}