{
    "Agent": {
        "total": 0.0018973040014316211
    },
    "Env": {
        "apply_act": 0.026027338000858435,
        "observation_computation": 0.02033039599973563,
        "powerflow_computation": 0.01920105799945304,
        "total": 0.0655587920000471
    },
    "total": 0.084690559000137
}