{
    "Agent": {
        "total": 0.035765190997153695
    },
    "Env": {
        "apply_act": 0.48221333400442745,
        "observation_computation": 0.38562433400011287,
        "powerflow_computation": 0.33308452200026295,
        "total": 1.2009221900048033
    },
    "total": 1.5569782910001777
}