{
    "Agent": {
        "total": 0.005606570000963984
    },
    "Env": {
        "apply_act": 0.0831373909982176,
        "observation_computation": 0.06158558999777597,
        "powerflow_computation": 0.07667246400114891,
        "total": 0.22139544499714248
    },
    "total": 0.2775107120000939
}