{
    "Agent": {
        "total": 0.003767416999380657
    },
    "Env": {
        "apply_act": 0.04983598199851258,
        "observation_computation": 0.04114980899839793,
        "powerflow_computation": 0.035883103998457955,
        "total": 0.12686889499536846
    },
    "total": 0.16480679500000406
}