{
    "Agent": {
        "total": 0.025249378007174528
    },
    "Env": {
        "apply_act": 0.3541452469949036,
        "observation_computation": 0.38644855600341543,
        "powerflow_computation": 0.2606301690016153,
        "total": 1.0012239719999343
    },
    "total": 1.2556615490002514
}