{
    "Agent": {
        "total": 0.021799708996240952
    },
    "Env": {
        "apply_act": 0.3031835760079957,
        "observation_computation": 0.32488173199681114,
        "powerflow_computation": 0.2224278759972549,
        "total": 0.8504931840020618
    },
    "total": 1.073134557999765
}