{
    "Agent": {
        "total": 0.0010695629998735967
    },
    "Env": {
        "apply_act": 0.014290363000327488,
        "observation_computation": 0.011723463999260275,
        "powerflow_computation": 0.012175635998119105,
        "total": 0.03818946299770687
    },
    "total": 0.04937140099991666
}