{
    "Agent": {
        "total": 0.02181812200205968
    },
    "Env": {
        "apply_act": 0.2861197739975978,
        "observation_computation": 0.2345965800036538,
        "powerflow_computation": 0.18705331600222053,
        "total": 0.7077696700034721
    },
    "total": 0.9213760249999723
}