{
    "Agent": {
        "total": 0.004807878003248334
    },
    "Env": {
        "apply_act": 0.07047031599813636,
        "observation_computation": 0.05457409600103347,
        "powerflow_computation": 0.058009403998767084,
        "total": 0.1830538159979369
    },
    "total": 0.23204693099978613
}