{
    "Agent": {
        "total": 0.060241453992603056
    },
    "Env": {
        "apply_act": 0.8102629899922249,
        "observation_computation": 0.6513613160059322,
        "powerflow_computation": 0.5774025609935052,
        "total": 2.0390268669916622
    },
    "total": 2.7817472669999006
}