{
    "Agent": {
        "total": 0.003496931999507069
    },
    "Env": {
        "apply_act": 0.046996869002214225,
        "observation_computation": 0.03739326199729476,
        "powerflow_computation": 0.03288883600043846,
        "total": 0.11727896699994744
    },
    "total": 0.15287679800030674
}