{
    "Agent": {
        "total": 0.022513105999223626
    },
    "Env": {
        "apply_act": 0.3114799969930573,
        "observation_computation": 0.2505411649967755,
        "powerflow_computation": 0.22442657899910046,
        "total": 0.7864477409889332
    },
    "total": 1.017507293000108
}