{
    "Agent": {
        "total": 0.009434730002340075
    },
    "Env": {
        "apply_act": 0.12856650700177852,
        "observation_computation": 0.10038889399811524,
        "powerflow_computation": 0.0924589509972975,
        "total": 0.32141435199719126
    },
    "total": 0.41598943999997573
}