{
    "Agent": {
        "total": 0.009485867002240411
    },
    "Env": {
        "apply_act": 0.12341897599799267,
        "observation_computation": 0.09721947299885869,
        "powerflow_computation": 0.07955360699997982,
        "total": 0.3001920559968312
    },
    "total": 0.39041538600031345
}