{
    "Agent": {
        "total": 0.021765743998003018
    },
    "Env": {
        "apply_act": 0.2981174630094756,
        "observation_computation": 0.23991314499926375,
        "powerflow_computation": 0.2212277249964245,
        "total": 0.7592583330051639
    },
    "total": 1.0744761390001258
}