{
    "Agent": {
        "total": 0.004846500001349341
    },
    "Env": {
        "apply_act": 0.06599908399948617,
        "observation_computation": 0.054241689002992644,
        "powerflow_computation": 0.04466847699995924,
        "total": 0.16490925000243806
    },
    "total": 0.2156510579998212
}