{
    "Agent": {
        "total": 0.07821036700534023
    },
    "Env": {
        "apply_act": 1.0855738120008027,
        "observation_computation": 0.8851778880166421,
        "powerflow_computation": 0.7795036290021926,
        "total": 2.7502553290196374
    },
    "total": 3.5553544430003967
}