{
    "Agent": {
        "total": 0.0031712480013084132
    },
    "Env": {
        "apply_act": 0.04311472799645344,
        "observation_computation": 0.03505306400211339,
        "powerflow_computation": 0.03021579799860774,
        "total": 0.10838358999717457
    },
    "total": 0.1412334019996706
}