{
    "Agent": {
        "total": 0.009883144996365445
    },
    "Env": {
        "apply_act": 0.13343672600285572,
        "observation_computation": 0.10779455200326993,
        "powerflow_computation": 0.08636432200273703,
        "total": 0.3275956000088627
    },
    "total": 0.42847726599984526
}