{
    "Agent": {
        "total": 0.001981490000616759
    },
    "Env": {
        "apply_act": 0.02614715399704437,
        "observation_computation": 0.020523411001704517,
        "powerflow_computation": 0.01831666999760273,
        "total": 0.06498723499635162
    },
    "total": 0.08474488699994254
}