{
    "Agent": {
        "total": 0.006928509999397647
    },
    "Env": {
        "apply_act": 0.09366452599897457,
        "observation_computation": 0.07620059400460377,
        "powerflow_computation": 0.06564788700143254,
        "total": 0.23551300700501088
    },
    "total": 0.30702381499986586
}