{
    "Agent": {
        "total": 0.030360992000169063
    },
    "Env": {
        "apply_act": 0.3982213570047861,
        "observation_computation": 0.3207953059986721,
        "powerflow_computation": 0.2457555760051946,
        "total": 0.9647722390086528
    },
    "total": 1.263857124000424
}