{
    "Agent": {
        "total": 0.05808135100096479
    },
    "Env": {
        "apply_act": 0.7883892600061699,
        "observation_computation": 0.7427360909937306,
        "powerflow_computation": 0.5834946000145464,
        "total": 2.114619951014447
    },
    "total": 2.698593289999735
}