{
    "Agent": {
        "total": 0.005442505000246456
    },
    "Env": {
        "apply_act": 0.07346753799811268,
        "observation_computation": 0.05993583499957822,
        "powerflow_computation": 0.04997397999932218,
        "total": 0.18337735299701308
    },
    "total": 0.23845083300011538
}