{
    "Agent": {
        "total": 0.02134539399366986
    },
    "Env": {
        "apply_act": 0.29048763099945063,
        "observation_computation": 0.23298690499132135,
        "powerflow_computation": 0.21589978899646667,
        "total": 0.7393743249872387
    },
    "total": 0.957263246000366
}