{
    "Agent": {
        "total": 0.001017068000692234
    },
    "Env": {
        "apply_act": 0.014268725000874838,
        "observation_computation": 0.011526890998538875,
        "powerflow_computation": 0.011103413999535405,
        "total": 0.03689902999894912
    },
    "total": 0.04778140500002337
}