{
    "Agent": {
        "total": 0.05842218798579779
    },
    "Env": {
        "apply_act": 0.7766682469969055,
        "observation_computation": 0.633213295997848,
        "powerflow_computation": 0.5122388179966038,
        "total": 1.9221203609913573
    },
    "total": 2.5091841720000048
}