{
    "Agent": {
        "total": 0.005403272997682507
    },
    "Env": {
        "apply_act": 0.07083427000179654,
        "observation_computation": 0.05832143899806397,
        "powerflow_computation": 0.04796200399778172,
        "total": 0.17711771299764223
    },
    "total": 0.23220074499977272
}