{
    "Agent": {
        "total": 0.004179465001925564
    },
    "Env": {
        "apply_act": 0.06071719899955497,
        "observation_computation": 0.04465257799893152,
        "powerflow_computation": 0.05143806899968695,
        "total": 0.15680784599817343
    },
    "total": 0.30430164900008094
}