{
    "Agent": {
        "total": 0.045352292005190975
    },
    "Env": {
        "apply_act": 0.6208220429898574,
        "observation_computation": 0.5048616899994158,
        "powerflow_computation": 0.4417723450064841,
        "total": 1.5674560779957574
    },
    "total": 2.03457914899991
}